{
  "classification_report": {
    "AnnualCrop": {
      "precision": 0.9802631578947368,
      "recall": 0.9933333333333333,
      "f1-score": 0.9867549668874173,
      "support": 450.0
    },
    "Forest": {
      "precision": 0.9955654101995566,
      "recall": 0.9977777777777778,
      "f1-score": 0.9966703662597114,
      "support": 450.0
    },
    "Highway": {
      "precision": 0.9919571045576407,
      "recall": 0.9866666666666667,
      "f1-score": 0.9893048128342246,
      "support": 375.0
    },
    "Industrial": {
      "precision": 0.9787234042553191,
      "recall": 0.9813333333333333,
      "f1-score": 0.9800266311584553,
      "support": 375.0
    },
    "Residential": {
      "precision": 0.9910913140311804,
      "recall": 0.9888888888888889,
      "f1-score": 0.9899888765294772,
      "support": 450.0
    },
    "SeaLake": {
      "precision": 0.9955056179775281,
      "recall": 0.9844444444444445,
      "f1-score": 0.9899441340782122,
      "support": 450.0
    },
    "accuracy": 0.9890196078431372,
    "macro avg": {
      "precision": 0.9888510014859936,
      "recall": 0.9887407407407408,
      "f1-score": 0.9887816312912495,
      "support": 2550.0
    },
    "weighted avg": {
      "precision": 0.9890575160200826,
      "recall": 0.9890196078431372,
      "f1-score": 0.9890237436027148,
      "support": 2550.0
    }
  },
  "confusion_matrix": [
    [
      447,
      0,
      1,
      0,
      0,
      2
    ],
    [
      0,
      449,
      0,
      0,
      1,
      0
    ],
    [
      1,
      0,
      370,
      3,
      1,
      0
    ],
    [
      3,
      0,
      2,
      368,
      2,
      0
    ],
    [
      0,
      0,
      0,
      5,
      445,
      0
    ],
    [
      5,
      2,
      0,
      0,
      0,
      443
    ]
  ]
}