{"mean": [0.3417090597982411, 0.37823650420682675, 0.41083113381683894], "std": [0.21775122910605535, 0.14992654946710376, 0.1266801530337761]}