{
  "train_loss": [
    0.9857567985518639,
    0.3573508861686001,
    0.266493677061145,
    0.2484724233030271,
    0.20944342089300397,
    0.19980936140322886,
    0.17518315559174835,
    0.15674157155161145,
    0.15702841735687575,
    0.13315307524023937,
    0.13951969393161165,
    0.13030852676439686,
    0.11791470802631698,
    0.12247614873807972,
    0.11574431100061962,
    0.10438187926757235,
    0.09850221684499949,
    0.10071741124161152,
    0.0951578324907968,
    0.12287404635373284,
    0.10829817365134964,
    0.08863498726124022,
    0.0797259272672549,
    0.08990434863612431,
    0.0874605481401712,
    0.08059672683665231,
    0.07768323206851463,
    0.07676452339446845,
    0.07444221401790611,
    0.0750537805096442,
    0.0764572589205844,
    0.07429016321897507,
    0.06976168329600527,
    0.06549983098101216,
    0.06483583806317393,
    0.06220291738625334,
    0.06446169090402477,
    0.06702272263519904,
    0.06247356006077358,
    0.060194319618098874,
    0.05613673094816569,
    0.05341489517826493,
    0.06501278004976882,
    0.05203652026100444,
    0.04753606846853465,
    0.05479047316275224,
    0.05057877867036507,
    0.047604052941588794,
    0.0483598298078575,
    0.05233141840380781,
    0.04219993266300494,
    0.04086261590614038,
    0.041851859200401464,
    0.04187305258164386,
    0.04076282954798276,
    0.04447380759855028,
    0.03751034719853842,
    0.037514887072709426,
    0.03826951478396644,
    0.03235552716029792,
    0.03430098879675404
  ],
  "val_loss": [
    0.39707306113897584,
    0.2186269607964684,
    0.2017521868500055,
    0.1666326262553533,
    0.10709540783190259,
    0.1337242375869377,
    0.17632135588748782,
    0.11611376876924552,
    0.12654623965422312,
    0.12190543243698046,
    0.08443685012120826,
    0.15549095970158483,
    0.0657127159132677,
    0.18129192055440416,
    0.17496467509690453,
    0.0911636462982963,
    0.08407757082406213,
    0.09890110091251486,
    0.05464558110809794,
    0.068601373258759,
    0.08217394820615358,
    0.11420054050052868,
    0.09762545037503335,
    0.10589406331380208,
    0.07659123400262757,
    0.07734898799190335,
    0.059125217637595005,
    0.12676439866715786,
    0.05428945343868405,
    0.17582991471477583,
    0.08367062543902327,
    0.07450402114905563,
    0.05898074285729843,
    0.06989446199407764,
    0.0522596714777105,
    0.07330537863806182,
    0.050058713840941585,
    0.05305942573383743,
    0.05650105357170105,
    0.6319479750184451,
    0.08299059689629312,
    0.048467078261515674,
    0.13217878484258463,
    0.0449537809426878,
    0.062333523882370366,
    0.06387597188645718,
    0.06416656972146502,
    0.042926887136464024,
    0.04783703531704697,
    0.059521225857384064,
    0.042195024998749005,
    0.0588098904402817,
    0.08629668737743415,
    0.06783118183706321,
    0.27101338372511025,
    0.13041558616301593,
    0.1241698187122158,
    0.050632004057075464,
    0.047126949745066024,
    0.052003589678628774,
    0.07802081285154118
  ],
  "train_acc": [
    0.7095798319327731,
    0.8694117647058823,
    0.9052100840336135,
    0.9121848739495798,
    0.923781512605042,
    0.9305042016806723,
    0.9362184873949579,
    0.945546218487395,
    0.9450420168067227,
    0.9547899159663865,
    0.9507563025210084,
    0.9571428571428572,
    0.959327731092437,
    0.9576470588235294,
    0.9596638655462185,
    0.9640336134453782,
    0.9663865546218487,
    0.9653781512605042,
    0.9664705882352941,
    0.9595798319327731,
    0.963109243697479,
    0.9696638655462185,
    0.9723529411764706,
    0.9688235294117648,
    0.9688235294117648,
    0.9713445378151261,
    0.9742857142857143,
    0.9738655462184874,
    0.9736974789915966,
    0.9746218487394958,
    0.9739495798319328,
    0.9746218487394958,
    0.9749579831932773,
    0.9758823529411764,
    0.977563025210084,
    0.9802521008403361,
    0.9770588235294118,
    0.9782352941176471,
    0.9781512605042016,
    0.978655462184874,
    0.9812605042016807,
    0.9805882352941176,
    0.9783193277310924,
    0.9815126050420168,
    0.9840336134453781,
    0.9808403361344538,
    0.9827731092436974,
    0.982436974789916,
    0.9830252100840337,
    0.983109243697479,
    0.985546218487395,
    0.9864705882352941,
    0.9847058823529412,
    0.9857142857142858,
    0.9858823529411764,
    0.9853781512605042,
    0.9868067226890757,
    0.9873949579831933,
    0.9863865546218488,
    0.9882352941176471,
    0.9888235294117647
  ],
  "val_acc": [
    0.8486274509803922,
    0.9168627450980392,
    0.9309803921568628,
    0.9396078431372549,
    0.9611764705882353,
    0.9498039215686275,
    0.9431372549019608,
    0.9654901960784313,
    0.9556862745098039,
    0.9588235294117647,
    0.9709803921568627,
    0.951764705882353,
    0.9764705882352941,
    0.9427450980392157,
    0.9368627450980392,
    0.9682352941176471,
    0.9701960784313726,
    0.9631372549019608,
    0.9803921568627451,
    0.9749019607843137,
    0.972156862745098,
    0.9619607843137254,
    0.9674509803921568,
    0.9654901960784313,
    0.9749019607843137,
    0.9729411764705882,
    0.9764705882352941,
    0.9623529411764706,
    0.9803921568627451,
    0.9498039215686275,
    0.9725490196078431,
    0.9729411764705882,
    0.9788235294117648,
    0.9792156862745098,
    0.9831372549019608,
    0.9741176470588235,
    0.9815686274509804,
    0.9819607843137255,
    0.9796078431372549,
    0.8701960784313726,
    0.9713725490196078,
    0.983921568627451,
    0.9627450980392157,
    0.9854901960784314,
    0.9784313725490196,
    0.9811764705882353,
    0.9792156862745098,
    0.9870588235294118,
    0.9878431372549019,
    0.9819607843137255,
    0.9862745098039216,
    0.9827450980392157,
    0.9725490196078431,
    0.9788235294117648,
    0.928235294117647,
    0.96,
    0.9596078431372549,
    0.983921568627451,
    0.9854901960784314,
    0.9827450980392157,
    0.9729411764705882
  ],
  "lr": [
    0.001,
    0.0009997532801828658,
    0.0009990133642141358,
    0.00099778098230154,
    0.000996057350657239,
    0.0009938441702975688,
    0.0009911436253643444,
    0.0009879583809693736,
    0.0009842915805643154,
    0.0009801468428384714,
    0.0009755282581475767,
    0.0009704403844771127,
    0.0009648882429441257,
    0.0009588773128419905,
    0.0009524135262330098,
    0.0009455032620941839,
    0.0009381533400219318,
    0.0009303710135019719,
    0.0009221639627510076,
    0.000913540287137281,
    0.0009045084971874739,
    0.0008950775061878452,
    0.0008852566213878947,
    0.0008750555348152298,
    0.0008644843137107057,
    0.0008535533905932737,
    0.0008422735529643444,
    0.0008306559326618259,
    0.0008187119948743449,
    0.0008064535268264883,
    0.0007938926261462367,
    0.0007810416889260654,
    0.0007679133974894983,
    0.0007545207078751857,
    0.0007408768370508577,
    0.0007269952498697734,
    0.0007128896457825364,
    0.0006985739453173903,
    0.0006840622763423391,
    0.0006693689601226458,
    0.0006545084971874737,
    0.0006394955530196147,
    0.0006243449435824273,
    0.0006090716206982714,
    0.0005936906572928625,
    0.0005782172325201156,
    0.0005626666167821523,
    0.0005470541566592572,
    0.0005313952597646569,
    0.0005157053795390643,
    0.0005000000000000002,
    0.00048429462046093607,
    0.0004686047402353435,
    0.000452945843340743,
    0.00043733338321784806,
    0.0004217827674798847,
    0.00040630934270713783,
    0.000390928379301729,
    0.0003756550564175727,
    0.00036050444698038553,
    0.00034549150281252655
  ],
  "best_epoch": 51,
  "stopped_epoch": 61
}