{
  "train_loss": [
    0.9737,
    0.381,
    0.2833,
    0.2629,
    0.2403,
    0.2231,
    0.1969,
    0.1824,
    0.1537,
    0.1486,
    0.1559,
    0.1526,
    0.1388,
    0.1207,
    0.1186,
    0.121,
    0.112,
    0.1092,
    0.1026,
    0.1002,
    0.0943,
    0.0917,
    0.0862,
    0.0779,
    0.0804,
    0.077,
    0.0699,
    0.071,
    0.0713,
    0.0693,
    0.0603,
    0.0638,
    0.0629,
    0.0582,
    0.0582,
    0.0482,
    0.0502,
    0.0509,
    0.0527
  ],
  "val_loss": [
    0.457,
    0.1835,
    0.3848,
    0.4399,
    0.2478,
    0.1152,
    0.12,
    0.1115,
    0.0882,
    0.0914,
    0.0831,
    0.0824,
    0.0795,
    0.1452,
    0.0883,
    0.1475,
    0.0757,
    0.1833,
    0.2518,
    0.1146,
    0.3214,
    0.0845,
    0.1108,
    0.0662,
    0.0778,
    0.0594,
    0.0923,
    0.0871,
    0.0449,
    0.0777,
    0.1223,
    0.0987,
    0.049,
    0.0594,
    0.06,
    0.0671,
    0.0523,
    0.0507,
    0.0502
  ],
  "train_acc": [
    0.6945,
    0.8645,
    0.9017,
    0.9103,
    0.9146,
    0.923,
    0.9299,
    0.9365,
    0.9504,
    0.945,
    0.9477,
    0.9487,
    0.9503,
    0.9596,
    0.9589,
    0.9575,
    0.962,
    0.9619,
    0.9639,
    0.9661,
    0.9658,
    0.9672,
    0.969,
    0.9725,
    0.9703,
    0.9732,
    0.9766,
    0.9745,
    0.9757,
    0.9766,
    0.9784,
    0.9784,
    0.9773,
    0.9792,
    0.9808,
    0.9834,
    0.9834,
    0.9828,
    0.982
  ],
  "val_acc": [
    0.8165,
    0.9369,
    0.8827,
    0.8753,
    0.902,
    0.9608,
    0.9596,
    0.9639,
    0.9678,
    0.9702,
    0.971,
    0.9714,
    0.9682,
    0.9506,
    0.9706,
    0.9545,
    0.9788,
    0.9424,
    0.9333,
    0.9596,
    0.9153,
    0.9741,
    0.9627,
    0.9792,
    0.9733,
    0.9796,
    0.9733,
    0.9722,
    0.9827,
    0.9729,
    0.9671,
    0.9659,
    0.9824,
    0.982,
    0.9773,
    0.9784,
    0.9843,
    0.9824,
    0.9824
  ],
  "lr": [
    0.001,
    0.001,
    0.000999,
    0.000998,
    0.000996,
    0.000994,
    0.000991,
    0.000988,
    0.000984,
    0.00098,
    0.000976,
    0.00097,
    0.000965,
    0.000959,
    0.000952,
    0.000946,
    0.000938,
    0.00093,
    0.000922,
    0.000914,
    0.000905,
    0.000895,
    0.000885,
    0.000875,
    0.000864,
    0.000854,
    0.000842,
    0.000831,
    0.000819,
    0.000806,
    0.000794,
    0.000781,
    0.000768,
    0.000755,
    0.000741,
    0.000727,
    0.000713,
    0.000699,
    0.000684
  ],
  "best_epoch": 29,
  "stopped_epoch": 39
}